{"cameraMode":{"drawMode":0,"name":"Shaded","section":"Shading Mode"},"sceneLighting":false,"audioPlay":false,"sceneViewState":{"m_AlwaysRefresh":false,"showFog":true,"showSkybox":true,"showFlares":true,"showImageEffects":true,"showParticleSystems":true,"showVisualEffectGraphs":true,"m_FxEnabled":true},"in2DMode":false,"pivot":{"x":0.26354312896728518,"y":2.1184208393096926,"z":5.4045796394348148},"rotation":{"x":-0.07396001368761063,"y":-0.8687569499015808,"z":0.13664373755455018,"w":-0.4703342914581299},"size":3.5439889430999758,"orthographic":false}