{"cameraMode":{"drawMode":0,"name":"Shaded","section":"Shading Mode"},"sceneLighting":true,"audioPlay":false,"sceneViewState":{"m_AlwaysRefresh":false,"showFog":true,"showSkybox":true,"showFlares":true,"showImageEffects":true,"showParticleSystems":true,"showVisualEffectGraphs":true,"m_FxEnabled":true},"in2DMode":false,"pivot":{"x":0.3555963635444641,"y":0.7254624366760254,"z":1.3137667179107667},"rotation":{"x":-0.1032949686050415,"y":0.8764662146568298,"z":-0.41724878549575808,"w":-0.21699899435043336},"size":0.8660253882408142,"orthographic":false}